place_id,nama_tempat,alamat,jenis_bisnis,rating,jumlah_review,jam_operasional,harga_start,harga_end,latitude,longitude,telepon,website,keyword,jalan,kelurahan,kecamatan,kota,provinsi
ChIJhaPc7XaPcC4RjRquGAb9kQE,Bakmi Surabaya Cak Dul 2,"Jl. Mulawarman Selatan Raya No.18, Kramas, Kec. Tembalang, Kota Semarang, Jawa Tengah 50278, Indonesia",Restoran Mie,4.0,495,Senin: 07.30–23.30 | Selasa: 07.30–23.30 | Rabu: 07.30–23.30 | Kamis: 07.30–23.30 | Jumat: 07.30–23.30 | Sabtu: 07.30–23.30 | Minggu: 07.30–23.30,1.0,25000.0,-7.068204199999999,110.4372738,0821-3400-6730,,bakmi,Jl. Mulawarman Selatan Raya No.18,Kramas,Tembalang,Semarang,Jawa Tengah
ChIJtXUqbImPcC4RdXRvTOFnNlY,BAKSU (Bakmie & Katsu),"Jl. Timoho Bar. III No.38, Bulusan, Kec. Tembalang, Kota Semarang, Jawa Tengah 50277, Indonesia",Restoran Mie,4.3,144,Senin: 09.00–21.00 | Selasa: 09.00–21.00 | Rabu: 09.00–21.00 | Kamis: 09.00–21.00 | Jumat: 09.00–21.00 | Sabtu: 09.00–21.00 | Minggu: 09.00–21.00,1.0,25000.0,-7.057076,110.444335,0895-3605-97975,,bakmi,Jl. Timoho Bar. III No.38,Bulusan,Tembalang,Semarang,Jawa Tengah
ChIJJatTaFuPcC4RgzWs9JqpT4w,"Pondok Bakmie Surabaya ""Cak Dul""","Jl. Banjarsari Raya Tembalang No.44, Tembalang, Kec. Tembalang, Kota Semarang, Jawa Tengah 50275, Indonesia",Restoran Mie,3.4,64,Senin: 07.00–23.30 | Selasa: 07.00–23.30 | Rabu: 07.00–23.30 | Kamis: 07.00–23.30 | Jumat: 07.00–23.30 | Sabtu: 07.00–23.30 | Minggu: 07.00–23.30,1.0,25000.0,-7.0597334,110.4400997,0813-2803-2121,,bakmi,Jl. Banjarsari Raya Tembalang No.44,Tembalang,Tembalang,Semarang,Jawa Tengah
ChIJ6c-rHNeNcC4RxFrb1LRitnY,Bakmi Juned,"Jl. Sambiroto, Kedungmundu, Kec. Tembalang, Kota Semarang, Jawa Tengah 50276, Indonesia",Restoran Mie,4.7,158,Senin: Tutup | Selasa: 17.00–00.00 | Rabu: 17.00–00.00 | Kamis: 17.00–00.00 | Jumat: 17.00–00.00 | Sabtu: 17.00–00.00 | Minggu: Tutup,1.0,25000.0,-7.0240155,110.4587897,,,bakmi,Jl. Sambiroto,Kedungmundu,Tembalang,Semarang,Jawa Tengah
ChIJecbeHbSNcC4R8qA_dqzD6_0,Bakmi Jowo Pak Pardi,"WCVP+V7G, Jl. Prof. Soedarto, Tembalang, Kec. Tembalang, Kota Semarang, Jawa Tengah 50275, Indonesia",Restoran Mie,4.5,73,Senin: 17.30–23.00 | Selasa: 17.30–23.00 | Rabu: 17.30–23.00 | Kamis: 17.30–23.00 | Jumat: 17.30–23.00 | Sabtu: 17.30–23.00 | Minggu: 17.30–23.00,1.0,25000.0,-7.0553237,110.4357042,,,bakmi,"WCVP+V7G, Jl. Prof. Soedarto",Tembalang,Tembalang,Semarang,Jawa Tengah
ChIJgbGyRs2NcC4RkLPvVSfeiSA,Bakmi Jowo Pakde No,"XF4F+PXX, Sendangmulyo, Kec. Tembalang, Kota Semarang, Jawa Tengah 50272, Indonesia",Restoran Mie,4.7,222,Senin: 17.00–00.00 | Selasa: 17.00–00.00 | Rabu: 17.00–00.00 | Kamis: 17.00–00.00 | Jumat: 17.00–00.00 | Sabtu: 17.00–00.00 | Minggu: 17.00–00.00,1.0,25000.0,-7.0431352,110.4749919,0858-0284-2523,,bakmi,XF4F+PXX,Sendangmulyo,Tembalang,Semarang,Jawa Tengah
ChIJQx9PIwCNcC4R_y1_VUp6Slw,Bakmie Polsek Nasihuy cabang tembalang,"Jl. Adi Patiunus No.16-2, Tembalang, Kec. Tembalang, Kota Semarang, Jawa Tengah 50275, Indonesia",Restoran Indonesia,5.0,1,Senin: Buka 24 jam | Selasa: Buka 24 jam | Rabu: Buka 24 jam | Kamis: Buka 24 jam | Jumat: Buka 24 jam | Sabtu: Buka 24 jam | Minggu: Buka 24 jam,,,-7.055036299999999,110.4346931,,,bakmi,Jl. Adi Patiunus No.16-2,Tembalang,Tembalang,Semarang,Jawa Tengah
ChIJWYKmHoWOcC4R1ymWqWklW44,Bakmi Jowo Mas Bambang (dwi),"Meteseh, Kec. Tembalang, Kota Semarang, Jawa Tengah 50271, Indonesia",Restoran Mie,4.6,120,Senin: 17.00–00.00 | Selasa: 17.00–00.00 | Rabu: 17.00–00.00 | Kamis: 17.00–00.00 | Jumat: 17.00–00.00 | Sabtu: 17.00–00.00 | Minggu: 17.00–00.00,1.0,25000.0,-7.062676199999999,110.4638247,,,bakmi,,Meteseh,Tembalang,Semarang,Jawa Tengah
ChIJK2zTIwOMcC4RgWbHxRmji1g,Mie Ayam Jakarta Bang Mail,"Jl baskoro no, 75, RT.3/RW.7, Tembalang, Kec. Tembalang, Kota Semarang, Jawa Tengah 50275, Indonesia",Restoran Mie,4.6,1261,Senin: 09.00–18.00 | Selasa: 09.00–18.00 | Rabu: 09.00–18.00 | Kamis: 09.00–18.00 | Jumat: 09.00–18.00 | Sabtu: 09.00–18.00 | Minggu: Tutup,1.0,25000.0,-7.053149,110.43683,0896-6133-9995,,bakmi,"Jl baskoro no, 75, RT.3/RW.7",Tembalang,Tembalang,Semarang,Jawa Tengah
ChIJU36TEzWMcC4RzjNq9h6ee0A,Mie Surabaya Cak Bagus Ketileng,"Depan SDIT Tunas Harapan, Ruko Mutiara Gading A4, Jl. Ketileng Indah Raya, Sendangmulyo, Kec. Tembalang, Kota Semarang, Jawa Tengah 50272, Indonesia",Restoran Mie,4.5,458,Senin: 16.00–23.55 | Selasa: 16.00–23.55 | Rabu: 16.00–23.55 | Kamis: 16.00–23.55 | Jumat: 16.00–23.55 | Sabtu: 16.00–23.55 | Minggu: 16.00–23.55,1.0,25000.0,-7.0353436,110.4717919,0822-3047-3223,,bakmi,"Depan SDIT Tunas Harapan, Ruko Mutiara Gading A4, Jl. Ketileng Indah Raya",Sendangmulyo,Tembalang,Semarang,Jawa Tengah
ChIJM1r0njiMcC4RjqF-2JuSr4s,Bakmi Dan Nasi Goreng Cak Budi,"Jl. Kompol R. Sukamto, Sambiroto, Kec. Tembalang, Kota Semarang, Jawa Tengah 50276, Indonesia",Restoran Indonesia,4.7,138,Senin: 12.00–00.00 | Selasa: 12.00–00.00 | Rabu: 12.00–00.00 | Kamis: 12.00–00.00 | Jumat: 12.00–00.00 | Sabtu: 12.00–00.00 | Minggu: 12.00–00.00,1.0,25000.0,-7.0349665,110.4578418,0877-0025-4333,,bakmi,Jl. Kompol R. Sukamto,Sambiroto,Tembalang,Semarang,Jawa Tengah
ChIJtd7IDgCPcC4RDenSnPjmk18,PONDOK Bakmi Surabaya Cak DUL,"WFV7+478, Jl. Profesor Suharso, Meteseh, Kec. Tembalang, Kota Semarang, Jawa Tengah 50277, Indonesia",Warung Makanan Kecil,3.9,14,Senin: 16.00–23.00 | Selasa: 16.00–23.00 | Rabu: 16.00–23.00 | Kamis: 16.00–23.00 | Jumat: 16.00–23.00 | Sabtu: 16.00–23.00 | Minggu: 16.00–23.00,,,-7.0572049,110.4631895,0813-2515-7257,,bakmi,"WFV7+478, Jl. Profesor Suharso",Meteseh,Tembalang,Semarang,Jawa Tengah
ChIJrSiv_0uMcC4R7u6wqeW5U2k,Bakmi Surabaya Cak Baron,"XFC9+768, Jl. Ketileng Raya, Sendangmulyo, Kec. Tembalang, Kota Semarang, Jawa Tengah 50272, Indonesia",Restoran Mie,4.6,27,Senin: 18.45–23.45 | Selasa: 18.45–23.45 | Rabu: 18.45–23.45 | Kamis: 18.45–23.45 | Jumat: 18.45–23.45 | Sabtu: 18.45–23.45 | Minggu: 18.45–23.45,,,-7.029325399999999,110.4680778,,,bakmi,"XFC9+768, Jl. Ketileng Raya",Sendangmulyo,Tembalang,Semarang,Jawa Tengah
ChIJR9PPyT-NcC4RzwQ-Xo4rU0s,BAKMI JOWO GM GAJAH MAKMUR,"Jl. Gayamsari Selatan I No.47, Sendangguwo, Kec. Tembalang, Kota Semarang, Jawa Tengah 50248, Indonesia",Restoran,4.9,30,Senin: 10.00–02.00 | Selasa: 10.00–02.00 | Rabu: 10.00–02.00 | Kamis: 10.00–02.00 | Jumat: 10.00–02.00 | Sabtu: 10.00–02.00 | Minggu: 10.00–02.00,1.0,25000.0,-7.0073053,110.4488455,0823-2276-4326,,bakmi,Jl. Gayamsari Selatan I No.47,Sendangguwo,Tembalang,Semarang,Jawa Tengah
ChIJU8ywW0mMcC4R5xWApb8GEH4,Bakmi Surabaya cak zun,"Jl. Kompol R. Soekanto, kota, Sambiroto, Kec. Tembalang, Kota Semarang, Jawa Tengah 50272, Indonesia",Restoran Mie,4.3,44,Senin: 16.00–23.30 | Selasa: 16.00–23.30 | Rabu: 16.00–23.30 | Kamis: 16.00–23.30 | Jumat: 16.00–23.30 | Sabtu: 16.00–23.30 | Minggu: 16.00–23.30,1.0,25000.0,-7.027704600000001,110.459498,0857-1312-5010,,bakmi,"Jl. Kompol R. Soekanto, kota",Sambiroto,Tembalang,Semarang,Jawa Tengah
ChIJV3hTYfaNcC4R3SvQLPXEQi0,Bakmi Jowo Pak Brewok,"Jl. Klipang Raya Permai Blok G23, Sendangmulyo, Kec. Tembalang, Kota Semarang, Jawa Tengah 50272, Indonesia",Restoran Mie,4.8,77,Senin: 17.00–23.00 | Selasa: 17.00–23.00 | Rabu: 17.00–23.00 | Kamis: 17.00–23.00 | Jumat: 17.00–23.00 | Sabtu: 17.00–23.00 | Minggu: 17.00–23.00,1.0,25000.0,-7.0427822,110.4791285,0821-3485-7772,,bakmi,Jl. Klipang Raya Permai Blok G23,Sendangmulyo,Tembalang,Semarang,Jawa Tengah
ChIJP98OMsyNcC4RFvQR_C6gBOI,"Bakmi Surabaya ""cak Pri""","Blok D No, Jl. Klipang Raya Blk. G No.6, Sendangmulyo, Kec. Tembalang, Kota Semarang, Jawa Tengah 50272, Indonesia",Restoran Mie,4.1,82,Senin: 16.00–23.30 | Selasa: 16.00–23.30 | Rabu: 16.00–23.30 | Kamis: 16.00–23.30 | Jumat: 16.00–23.30 | Sabtu: 16.00–23.30 | Minggu: 16.00–23.30,1.0,25000.0,-7.041143399999999,110.4792524,0813-2559-2036,,bakmi,"Blok D No, Jl. Klipang Raya Blk. G No.6",Sendangmulyo,Tembalang,Semarang,Jawa Tengah
ChIJoVUk1V2NcC4RLXWsQyrPNgQ,BAKMI JOWO KANG DOEL,"XFH4+HPR, Kedungmundu, Kec. Tembalang, Kota Semarang, Jawa Tengah 50274, Indonesia",Restoran Mie,4.9,16,Senin: 15.30–23.30 | Selasa: 15.30–23.30 | Rabu: 15.30–23.30 | Kamis: 15.30–23.30 | Jumat: 15.30–23.30 | Sabtu: 15.30–23.30 | Minggu: 15.30–23.30,,,-7.0210026,110.4567797,0812-2556-0512,,bakmi,XFH4+HPR,Kedungmundu,Tembalang,Semarang,Jawa Tengah
ChIJRZb2GFuMcC4Rn6b0kDBMkq0,Pondok Bakmi Bu Tarno,"XFG5+P9F, Jalan Jl. Kedungmundu, Kedungmundu, Kec. Tembalang, Kota Semarang, Jawa Tengah 50273, Indonesia",Kafe,4.4,97,Senin: 18.00–00.00 | Selasa: 18.00–00.00 | Rabu: 18.00–00.00 | Kamis: 18.00–00.00 | Jumat: 18.00–00.00 | Sabtu: 18.00–00.00 | Minggu: 18.00–00.00,1.0,25000.0,-7.023199000000001,110.4584241,,,bakmi,"XFG5+P9F, Jalan Jl. Kedungmundu",Kedungmundu,Tembalang,Semarang,Jawa Tengah
ChIJ6fMwdzaMcC4R8Y2y6XRoDio,Bakmi Jowo Mas Agus,"XF69+X82, Jl. Gendong Raya, Mangunharjo, Kec. Tembalang, Kota Semarang, Jawa Tengah 50272, Indonesia",Restoran Mie,4.6,29,Senin: 17.00–00.00 | Selasa: 17.00–00.00 | Rabu: 17.00–00.00 | Kamis: 17.00–00.00 | Jumat: 17.00–00.00 | Sabtu: 17.00–00.00 | Minggu: 17.00–00.00,,,-7.0376188,110.468281,0819-0437-2937,,bakmi,"XF69+X82, Jl. Gendong Raya",Mangunharjo,Tembalang,Semarang,Jawa Tengah
ChIJ1-wrxbuPcC4RjQsFk1iq9hE,"MIE JAKARTA ""CITA RASA""","Jl. Gerungsari No.26, Bulusan, Kec. Tembalang, Kota Semarang, Jawa Tengah 50277, Indonesia",Restoran Indonesia,4.8,123,Senin: 09.00–21.00 | Selasa: 09.00–21.00 | Rabu: 09.00–21.00 | Kamis: 09.00–21.00 | Jumat: 09.00–21.00 | Sabtu: 09.00–21.00 | Minggu: Tutup,1.0,25000.0,-7.057002799999999,110.443803,,,bakmi,Jl. Gerungsari No.26,Bulusan,Tembalang,Semarang,Jawa Tengah
ChIJU8nrZlaMcC4RLOn2lTHcPcc,Bakmie Pak Wi',"XFM8+HM8, Jl. Amposari Raya, Kedungmundu, Kec. Tembalang, Kota Semarang, Jawa Tengah 50273, Indonesia",Restoran Mie,4.5,44,Senin: 17.00–00.00 | Selasa: 17.00–00.00 | Rabu: 17.00–00.00 | Kamis: 17.00–00.00 | Jumat: 17.00–00.00 | Sabtu: 17.00–00.00 | Minggu: 17.00–00.00,1.0,25000.0,-7.0160845,110.466717,0821-2831-6087,,bakmi,"XFM8+HM8, Jl. Amposari Raya",Kedungmundu,Tembalang,Semarang,Jawa Tengah
ChIJJxgFttKNcC4RQ8rAtfeapGY,bakmi surabaya cak yanto,"XF3F+VP9, Sendangmulyo, Kec. Tembalang, Kota Semarang, Jawa Tengah 50272, Indonesia",Restoran Mie,4.5,15,Senin: 17.00–22.00 | Selasa: 17.00–22.00 | Rabu: 17.00–22.00 | Kamis: 17.00–22.00 | Jumat: 17.00–22.00 | Sabtu: 17.00–22.00 | Minggu: Tutup,,,-7.045329499999999,110.4743525,0895-3367-24891,,bakmi,XF3F+VP9,Sendangmulyo,Tembalang,Semarang,Jawa Tengah
ChIJHxEffxqPcC4R9Vf5XuiZk4I,WARPAD Yamien & Ayam goreng,"Jl. Gondang Barat I No.7, Bulusan, Kec. Tembalang, Kota Semarang, Jawa Tengah 50277, Indonesia",Kedai Sarapan & Makan Siang,4.5,496,Senin: 10.00–21.00 | Selasa: 10.00–21.00 | Rabu: 10.00–21.00 | Kamis: 10.00–21.00 | Jumat: 10.00–21.00 | Sabtu: 10.00–21.00 | Minggu: Tutup,1.0,25000.0,-7.0627192,110.4389557,0823-3675-1133,,bakmi,Jl. Gondang Barat I No.7,Bulusan,Tembalang,Semarang,Jawa Tengah
ChIJrQVc_UaMcC4RTZfwIkFLgi4,Bakmi Jowo Mas Agus,"Jl. Sambiroto Raya No.6, Sambiroto, Kec. Tembalang, Kota Semarang, Jawa Tengah 50276, Indonesia",Restoran Mie,4.5,99,Senin: 17.00–02.00 | Selasa: 17.00–02.00 | Rabu: 17.00–02.00 | Kamis: 17.00–02.00 | Jumat: 17.00–02.00 | Sabtu: 17.00–02.00 | Minggu: 17.00–02.00,,,-7.0323598,110.45811,0858-0213-9915,,bakmi,Jl. Sambiroto Raya No.6,Sambiroto,Tembalang,Semarang,Jawa Tengah
ChIJmz5rQmKNcC4RFDVi6Uh1NPU,Bakmi jowo dan nasi goreng bintang lima,"Depas puskesmas Jl. Kompol R Soekanto, Mangunharjo, Kec. Tembalang, Kota Semarang, Jawa Tengah 50272, Indonesia",Restoran Indonesia,5.0,16,Senin: 17.00–00.00 | Selasa: 17.00–00.00 | Rabu: 17.00–00.00 | Kamis: 17.00–00.00 | Jumat: 17.00–00.00 | Sabtu: 17.00–00.00 | Minggu: 17.00–00.00,1.0,25000.0,-7.0447647,110.460857,0813-2900-2728,,bakmi,Depas puskesmas Jl. Kompol R Soekanto,Mangunharjo,Tembalang,Semarang,Jawa Tengah
ChIJp-L4MsuNcC4RuICWj6CBuJk,Bakmie Jowo Mas Jenggot,"Jl. Klipang Raya No.26, Sendangmulyo, Kec. Tembalang, Kota Semarang, Jawa Tengah 50272, Indonesia",Restoran Mie,4.3,27,,1.0,25000.0,-7.0372521,110.474049,,,bakmi,Jl. Klipang Raya No.26,Sendangmulyo,Tembalang,Semarang,Jawa Tengah
ChIJJxXt44COcC4RctS71K6-h98,Bakmi Surabaya,"Jalan Rowosari Raya, Jl. Talang Jl. Baskoro Raya, Meteseh, Kec. Tembalang, Kota Semarang, Jawa Tengah 50271, Indonesia",Restoran Mie,3.8,10,Senin: 17.00–00.00 | Selasa: 17.00–00.00 | Rabu: 17.00–00.00 | Kamis: 17.00–00.00 | Jumat: 17.00–00.00 | Sabtu: 17.00–00.00 | Minggu: 17.00–00.00,,,-7.058049899999999,110.4710327,0813-2669-4979,,bakmi,"Jalan Rowosari Raya, Jl. Talang Jl. Baskoro Raya",Meteseh,Tembalang,Semarang,Jawa Tengah
ChIJSXbLDACPcC4RLRlJoxtD-mU,Bakmi Kongsian,"Ruko, Ruko AD, Jl. Bukit Kencana Jaya Jl. Boulevard No.25, Meteseh, Kec. Tembalang, Kota Semarang, Jawa Tengah 50271, Indonesia",Rumah Makan,4.8,20,,1.0,25000.0,-7.065351499999999,110.4610172,,,bakmi,"Ruko, Ruko AD, Jl. Bukit Kencana Jaya Jl. Boulevard No.25",Meteseh,Tembalang,Semarang,Jawa Tengah
ChIJ3Z0aT0SNcC4R5DYgdoElS6I,"BAKMI SUROBOYO MAS NDUT (YUDI),METESEH","Jl. Raya Sendangmulyo, Meteseh, Kec. Tembalang, Kota Semarang, Jawa Tengah 50271, Indonesia",Restoran Mie,4.3,8,Senin: 17.30–23.00 | Selasa: 17.30–23.00 | Rabu: 17.30–23.00 | Kamis: 17.30–23.00 | Jumat: 17.30–23.00 | Sabtu: 17.30–23.00 | Minggu: 17.30–23.00,,,-7.052854399999999,110.4714665,0878-3106-0032,,bakmi,Jl. Raya Sendangmulyo,Meteseh,Tembalang,Semarang,Jawa Tengah
ChIJfycgi0aMcC4R9v_d-Pm9wYE,Bakmi Jowo Pak Gito,"XFF5+9Q6, Jl. Sambiroto Raya, Sambiroto, Kec. Tembalang, Kota Semarang, Jawa Tengah 50276, Indonesia",Restoran Mie,4.3,22,Senin: 17.00–00.00 | Selasa: 17.00–00.00 | Rabu: 17.00–00.00 | Kamis: 17.00–00.00 | Jumat: 17.00–00.00 | Sabtu: 17.00–00.00 | Minggu: 17.00–00.00,1.0,25000.0,-7.0265843,110.4593769,0812-2527-7968,,bakmi,"XFF5+9Q6, Jl. Sambiroto Raya",Sambiroto,Tembalang,Semarang,Jawa Tengah
ChIJMZUA_IKOcC4RmshG28sWIio,Bakmi Jowo Bu Hadi,"Jalan Prof. Suharso ,Meteseh, Tembalang, Meteseh, Kec. Tembalang, Kota Semarang, Jawa Tengah 50271, Indonesia",Restoran Mie,4.0,28,Senin: 16.30–00.00 | Selasa: 16.30–00.00 | Rabu: 16.30–00.00 | Kamis: 16.30–00.00 | Jumat: 16.30–00.00 | Sabtu: 16.30–00.00 | Minggu: 16.30–00.00,1.0,25000.0,-7.056713599999999,110.4647068,0812-4248-4643,,bakmi,"Jalan Prof. Suharso, Meteseh, Tembalang",Meteseh,Tembalang,Semarang,Jawa Tengah
ChIJJQMvvciPcC4RZvQ_1E_TXQA,Bakmi Jowo Mas Ndut,"Jl. Dinar Elok Raya No.K2 No.5, Meteseh, Kec. Tembalang, Kota Semarang, Jawa Tengah 50271, Indonesia",Restoran Mie,3.8,21,Senin: 16.30–00.00 | Selasa: 16.30–00.00 | Rabu: 16.30–00.00 | Kamis: 16.30–00.00 | Jumat: 16.30–00.00 | Sabtu: 16.30–00.00 | Minggu: 16.30–00.00,1.0,25000.0,-7.0603978,110.4691213,,,bakmi,Jl. Dinar Elok Raya No.K2 No.5,Meteseh,Tembalang,Semarang,Jawa Tengah
ChIJKQGsi8CNcC4RMUH7EycP9o0,bakmie surabaya mas allfa99,"Jl. Kedungmundu No.169, Sendangguwo, Kec. Tembalang, Kota Semarang, Jawa Tengah 50271, Indonesia",Konsultan,5.0,3,Senin: 17.00–23.00 | Selasa: 16.30–23.30 | Rabu: 16.30–23.30 | Kamis: 16.30–23.30 | Jumat: 17.00–23.00 | Sabtu: 16.30–23.30 | Minggu: Buka 24 jam,,,-7.013551,110.451746,0822-2408-0549,http://grabfood.co.id/,bakmi,Jl. Kedungmundu No.169,Sendangguwo,Tembalang,Semarang,Jawa Tengah
ChIJG2EFDVaPcC4R6ED15rlorfc,Nasi Goreng & Bakmi Jawa (Graha Metro),"Graha Metro No.12B Blk B, Meteseh, Kec. Tembalang, Kota Semarang, Jawa Tengah 50271, Indonesia",Restoran,4.0,24,Senin: 15.00–00.00 | Selasa: 15.00–00.00 | Rabu: 15.00–00.00 | Kamis: 15.00–00.00 | Jumat: 15.00–00.00 | Sabtu: 15.00–00.00 | Minggu: 15.00–00.00,1.0,25000.0,-7.0594698,110.4768222,0856-4334-8465,,bakmi,Graha Metro No.12B Blk B,Meteseh,Tembalang,Semarang,Jawa Tengah
ChIJ_VHlvsiNcC4RcqfwTM81Q1g,Warung TUMAN - Nasi Goreng & Bakmi Tuman,"Meteseh, Kec. Tembalang, Kota Semarang, Jawa Tengah 50271, Indonesia",Restoran Indonesia,5.0,12,Senin: 17.00–22.00 | Selasa: 17.00–22.00 | Rabu: 17.00–22.00 | Kamis: 17.00–22.00 | Jumat: 17.00–22.00 | Sabtu: 17.00–22.00 | Minggu: 17.00–22.00,,,-7.0532611,110.4776654,,https://id.shp.ee/ehq3wrw?smtt=0.0.9,bakmi,,Meteseh,Tembalang,Semarang,Jawa Tengah
ChIJnxdaBlOMcC4RGNV3jIigBFU,Bakmie Suroboyo,"XFHC+JFF, Jl. Mukharom, Kedungmundu, Kec. Tembalang, Kota Semarang, Jawa Tengah 50273, Indonesia",Restoran Mie,4.6,5,Senin: 12.00–22.00 | Selasa: 12.00–22.00 | Rabu: 12.00–22.00 | Kamis: 12.00–22.00 | Jumat: 12.00–22.00 | Sabtu: 12.00–22.00 | Minggu: 12.00–22.00,,,-7.0209261,110.4711605,,,bakmi,"XFHC+JFF, Jl. Mukharom",Kedungmundu,Tembalang,Semarang,Jawa Tengah
ChIJ1SQpuN-NcC4RDwGw_exhshM,Bakmi jowo Petruk,"Jl. Fatmawati No.175, Kedungmundu, Kec. Tembalang, Kota Semarang, Jawa Tengah 50273, Indonesia",Restoran Mie,4.3,11,Senin: Buka 24 jam | Selasa: Buka 24 jam | Rabu: Buka 24 jam | Kamis: Buka 24 jam | Jumat: Buka 24 jam | Sabtu: Buka 24 jam | Minggu: Buka 24 jam,1.0,25000.0,-7.023638,110.4683441,0889-3316-417,,bakmi,Jl. Fatmawati No.175,Kedungmundu,Tembalang,Semarang,Jawa Tengah
ChIJOz7UdMuNcC4RpKko4wYW-S8,Bakmi jowo pak wito,"Jl. Klipang Raya, Sendangmulyo, Kec. Tembalang, Kota Semarang, Jawa Tengah 50272, Indonesia",Restoran Asia,3.9,16,Senin: 17.00–01.00 | Selasa: 17.00–01.00 | Rabu: 17.00–01.00 | Kamis: 17.00–01.00 | Jumat: 17.00–01.00 | Sabtu: 17.00–01.00 | Minggu: 17.00–01.00,,,-7.0377394,110.4766588,0851-0010-6508,,bakmi,Jl. Klipang Raya,Sendangmulyo,Tembalang,Semarang,Jawa Tengah
ChIJ8Z4crV6McC4RzyS--cGCmy4,Mie Bandung Gg. Belakang Pak Min,"Kedungmu, Jl. Kedungmundu, Tandang, Kec. Tembalang, Kota Semarang, Jawa Tengah 50273, Indonesia",Restoran Mie,4.5,348,Senin: 10.00–20.00 | Selasa: 10.00–20.00 | Rabu: 10.00–20.00 | Kamis: 10.00–20.00 | Jumat: 10.00–20.00 | Sabtu: 10.00–20.00 | Minggu: 10.00–20.00,1.0,25000.0,-7.0190464,110.4558062,0877-0009-5450,,bakmi,"Kedungmu, Jl. Kedungmundu",Tandang,Tembalang,Semarang,Jawa Tengah
ChIJDQfVxICNcC4RSkXlhI76DNg,Bakmi Jowo Nasi Goreng KADONG TRESNO,"Jl. Sambiroto Raya No.45A, Sambiroto, Kec. Tembalang, Kota Semarang, Jawa Tengah 50276, Indonesia",Restoran Mie,3.1,64,Senin: 17.00–01.00 | Selasa: 17.00–01.00 | Rabu: 17.00–01.00 | Kamis: 17.00–01.00 | Jumat: 17.00–01.00 | Sabtu: 17.00–01.00 | Minggu: 17.00–01.00,1.0,25000.0,-7.029968500000001,110.4589556,0821-3525-5678,,bakmi,Jl. Sambiroto Raya No.45A,Sambiroto,Tembalang,Semarang,Jawa Tengah
ChIJIfDQNdONcC4RUNBO7glLNss,Bakmi Jowo Mas Nang,"perum klipang Blk. P XIV, Sendangmulyo, Kec. Tembalang, Kota Semarang, Jawa Tengah 50272, Indonesia",Restoran Mie,4.7,6,Senin: 17.00–00.00 | Selasa: 17.00–00.00 | Rabu: 17.00–00.00 | Kamis: 17.00–00.00 | Jumat: 17.00–00.00 | Sabtu: 17.00–00.00 | Minggu: 17.00–00.00,1.0,25000.0,-7.0449503,110.479215,,,bakmi,perum klipang Blk. P XIV,Sendangmulyo,Tembalang,Semarang,Jawa Tengah
ChIJ3ZBU25KNcC4RqB11HGOBSl4,Bakmi Jowo Sederhana,"Jl. Tegal Kangkung 14 No.224, Kedungmundu, Kec. Tembalang, Kota Semarang, Jawa Tengah 50273, Indonesia",Restoran Mie,4.3,4,Senin: 18.00–00.00 | Selasa: 18.00–00.00 | Rabu: 18.00–00.00 | Kamis: 18.00–00.00 | Jumat: 18.00–00.00 | Sabtu: 18.00–00.00 | Minggu: 18.00–00.00,,,-7.0232436,110.4689316,,,bakmi,Jl. Tegal Kangkung 14 No.224,Kedungmundu,Tembalang,Semarang,Jawa Tengah
ChIJfTRjMEWMcC4Rj2KUGiM1VN4,Bakmi Jowo Pak No,"XFG6+25P, Sambiroto, Kec. Tembalang, Kota Semarang, Jawa Tengah 50276, Indonesia",Restoran Mie,3.8,4,Senin: 04.00–01.00 | Selasa: 04.00–01.00 | Rabu: 04.00–01.00 | Kamis: 04.00–01.00 | Jumat: 04.00–01.00 | Sabtu: 04.00–01.00 | Minggu: 04.00–01.00,,,-7.0249203,110.4604521,0857-9916-0449,,bakmi,XFG6+25P,Sambiroto,Tembalang,Semarang,Jawa Tengah
ChIJ3zL5RrCPcC4RiHPrpizskyI,Bakmi Jowo Pak Sis - Meteseh,"Jl. Bukit Klp. Gading I No.32, Meteseh, Kec. Tembalang, Kota Semarang, Jawa Tengah 50271, Indonesia",Restoran Mie,5.0,1,Senin: 17.00–00.00 | Selasa: 17.00–00.00 | Rabu: 17.00–00.00 | Kamis: 17.00–00.00 | Jumat: 17.00–00.00 | Sabtu: 17.00–00.00 | Minggu: 17.00–00.00,,,-7.065750899999999,110.4598198,0822-2096-6500,,bakmi,Jl. Bukit Klp. Gading I No.32,Meteseh,Tembalang,Semarang,Jawa Tengah
ChIJGfdoH1uMcC4RsyBmeoYhD24,Mie Ayam Happy,"Jl. Kedungmundu No.510A, Kedungmundu, Kec. Tembalang, Kota Semarang, Jawa Tengah 50273, Indonesia",Restoran Mie,4.6,2580,Senin: Tutup | Selasa: 10.00–21.00 | Rabu: 10.00–21.00 | Kamis: 10.00–21.00 | Jumat: 10.00–21.00 | Sabtu: 10.00–21.00 | Minggu: 10.00–21.00,1.0,25000.0,-7.023494299999999,110.4588066,0812-2824-444,,bakmi,Jl. Kedungmundu No.510A,Kedungmundu,Tembalang,Semarang,Jawa Tengah
ChIJH-KpBwCPcC4RwEjvXtXhZc8,Pondok Bakmi Surabaya Cakdul Meteseh,"WFQ6+JWG, WFV7+46GJl. Bukit Kencana, JayaMeteseh, Kec. Tembalang, Kota Semarang, Jawa Tengah 50277, Indonesia",Restoran Indonesia,5.0,2,,,,-7.060934199999999,110.462336,,,bakmi,"WFQ6+JWG, WFV7+46GJl. Bukit Kencana",JayaMeteseh,Tembalang,Semarang,Jawa Tengah
ChIJAYSEnk6McC4R6PgJKzQeA-I,Bakmi Jowo Pak Waris 2,"XFC9+W3W, Jl. Ketileng Raya, Sendangmulyo, Kec. Tembalang, Kota Semarang, Jawa Tengah 50272, Indonesia",Restoran Mie,4.3,14,Senin: 16.00–00.00 | Selasa: 16.00–00.00 | Rabu: 16.00–00.00 | Kamis: 16.00–00.00 | Jumat: 16.00–00.00 | Sabtu: 16.00–00.00 | Minggu: 16.00–00.00,1.0,25000.0,-7.027648,110.467695,0858-7550-5366,,bakmi,"XFC9+W3W, Jl. Ketileng Raya",Sendangmulyo,Tembalang,Semarang,Jawa Tengah
ChIJE3NPu8aPcC4Rq5hZeJOPZlA,Waroeng Tokyo - Tembalang Semarang,"Jl. Banjarsari No.24, Tembalang, Kec. Tembalang, Kota Semarang, Jawa Tengah 50275, Indonesia",Restoran,4.7,350,Senin: 09.30–22.00 | Selasa: 09.30–22.00 | Rabu: 09.30–22.00 | Kamis: 09.30–22.00 | Jumat: 09.30–22.00 | Sabtu: 09.30–22.00 | Minggu: 09.30–22.00,25000.0,50000.0,-7.059258499999999,110.4378566,0851-3877-6559,,ramen,Jl. Banjarsari No.24,Tembalang,Tembalang,Semarang,Jawa Tengah
ChIJM8Z21pWPcC4R_1YoKWWqk6w,IKIMARU UDON & TEMPURA,"Jl. Gondang Raya No.33, Bulusan, Kec. Tembalang, Kota Semarang, Jawa Tengah 50277, Indonesia",Restoran,4.9,609,Senin: 12.00–21.00 | Selasa: 12.00–21.00 | Rabu: 12.00–21.00 | Kamis: 12.00–21.00 | Jumat: 12.00–21.00 | Sabtu: 12.00–21.00 | Minggu: 12.00–21.00,25000.0,50000.0,-7.0644578,110.4407089,,,ramen,Jl. Gondang Raya No.33,Bulusan,Tembalang,Semarang,Jawa Tengah
ChIJ6594juOPcC4Rt2KVaqxJBQ4,RAMENDOMI TEMBALANG,"Jl. Mulawarman Tim. Dalam No.78, Bulusan, Kec. Tembalang, Kota Semarang, Jawa Tengah 50278, Indonesia",Toko Makanan,4.7,21,Senin: 15.00–23.00 | Selasa: 15.00–23.00 | Rabu: 15.00–23.00 | Kamis: 15.00–23.00 | Jumat: 15.00–23.00 | Sabtu: 15.00–23.00 | Minggu: 15.00–23.00,1.0,25000.0,-7.0687805,110.4442019,0822-2598-2098,,ramen,Jl. Mulawarman Tim. Dalam No.78,Bulusan,Tembalang,Semarang,Jawa Tengah
ChIJkcxlQACNcC4RceBBul1JCLs,Joffi Ramen Sambiroto,"Sambiroto, Kec. Tembalang, Kota Semarang, Jawa Tengah, Indonesia",Restoran Ramen,4.8,499,Senin: 10.00–22.00 | Selasa: 10.00–22.00 | Rabu: 10.00–22.00 | Kamis: 10.00–22.00 | Jumat: 10.00–22.00 | Sabtu: 10.00–22.00 | Minggu: 10.00–22.00,25000.0,50000.0,-7.0294678,110.4589629,,,ramen,,Sambiroto,Tembalang,Semarang,Jawa Tengah
ChIJ8XhuNqiOcC4Rq1zSk6R-XsI,Nagoya Ramen & Sushi,"Jl. KH. Sirojudin No.22A, Tembalang, Kec. Tembalang, Kota Semarang, Jawa Tengah 50275, Indonesia",Restoran Jepang,4.2,411,Senin: 09.00–21.00 | Selasa: 09.00–21.00 | Rabu: 09.00–21.00 | Kamis: 09.00–21.00 | Jumat: 09.00–21.00 | Sabtu: 09.00–21.00 | Minggu: 09.00–21.00,1.0,25000.0,-7.0571796,110.435635,0815-1602-220,,ramen,Jl. KH. Sirojudin No.22A,Tembalang,Tembalang,Semarang,Jawa Tengah
ChIJS8QcGhSPcC4RH-qUOppx_sM,Mizu Ramen,"Jl. Timoho Raya, Bulusan, Kec. Tembalang, Kota Semarang, Jawa Tengah 50272, Indonesia",Restoran Mie,5.0,14,Senin: 15.00–21.00 | Selasa: 15.00–21.00 | Rabu: 15.00–21.00 | Kamis: 15.00–21.00 | Jumat: 15.00–21.00 | Sabtu: 15.00–21.00 | Minggu: 15.00–21.00,1.0,25000.0,-7.0601939,110.4425671,0813-9190-9666,,ramen,Jl. Timoho Raya,Bulusan,Tembalang,Semarang,Jawa Tengah
ChIJA4Y9XwCNcC4Rfm4DkmVVIFQ,Enake Japanese Food Kedungmundu,"Jl. Kedungmundu No.250, Kedungmundu, Kec. Tembalang, Kota Semarang, Jawa Tengah 50273, Indonesia",Restoran Jepang,4.3,535,Senin: 15.00–23.00 | Selasa: 15.00–23.00 | Rabu: 15.00–23.00 | Kamis: 15.00–23.00 | Jumat: 15.00–23.00 | Sabtu: 15.00–23.00 | Minggu: 15.00–23.00,25000.0,50000.0,-7.0226074,110.458246,0857-0469-2150,,ramen,Jl. Kedungmundu No.250,Kedungmundu,Tembalang,Semarang,Jawa Tengah
ChIJ7fQrTwCNcC4Rc4AMI-26Jvk,"Takoyaki Pekoo Pekoo, Unimus","Jl. Fatmawati No.177, Kedungmundu, Kec. Tembalang, Kota Semarang, Jawa Tengah 50246, Indonesia",Restoran Jepang,5.0,54,Senin: 14.30–22.15 | Selasa: 14.30–22.15 | Rabu: 14.30–22.15 | Kamis: 14.30–22.15 | Jumat: 14.30–22.15 | Sabtu: 14.30–22.15 | Minggu: 14.30–22.15,25000.0,50000.0,-7.0236276,110.4683509,0895-2706-0066,https://www.instagram.com/pekoo_pekoo?igsh=Z3d0eDM1emluejdk,ramen,Jl. Fatmawati No.177,Kedungmundu,Tembalang,Semarang,Jawa Tengah
ChIJ1S2kG3qNcC4RXt4PYx2VDMQ,Mak-Mak Coffee & Kitchen,"Ruko Kampung Jl. Semawis Raya No.16 Blk. A, Kedungmundu, Kec. Tembalang, Kota Semarang, Jawa Tengah 50273, Indonesia",Restoran,4.9,1099,Senin: 10.00–22.00 | Selasa: 10.00–22.00 | Rabu: 10.00–22.00 | Kamis: 10.00–22.00 | Jumat: 10.00–22.00 | Sabtu: 10.00–22.00 | Minggu: 10.00–22.00,50000.0,75000.0,-7.0218064,110.4631573,0851-7313-0070,,ramen,Ruko Kampung Jl. Semawis Raya No.16 Blk. A,Kedungmundu,Tembalang,Semarang,Jawa Tengah
ChIJi4QR56mOcC4RLiK-gIaiKmQ,Depot Sukses Tembalang,"Jl. Jatimulyo No.5A, Pedalangan, Kec. Tembalang, Kota Semarang, Jawa Tengah 50268, Indonesia",Restoran Jepang,4.5,3122,Senin: 12.00–21.00 | Selasa: 12.00–21.00 | Rabu: 12.00–21.00 | Kamis: 12.00–21.00 | Jumat: 12.00–21.00 | Sabtu: 12.00–21.00 | Minggu: 12.00–21.00,25000.0,50000.0,-7.0583573,110.434754,0851-0014-2202,,ramen,Jl. Jatimulyo No.5A,Pedalangan,Tembalang,Semarang,Jawa Tengah
ChIJO9v39CONcC4RofBewjPByhg,SHOYU JAPANESE FOOD - KLIPANG,"Ruko Klipang Niaga No.3, Sendangmulyo, Kec. Tembalang, Kota Semarang, Jawa Tengah 50272, Indonesia",Restoran Jepang,4.2,84,Senin: 11.00–21.00 | Selasa: 11.00–21.30 | Rabu: 11.00–21.30 | Kamis: 11.00–21.30 | Jumat: 11.00–21.30 | Sabtu: 11.00–21.30 | Minggu: 11.00–21.30,25000.0,50000.0,-7.042298499999999,110.4794225,0822-5888-8087,,ramen,Ruko Klipang Niaga No.3,Sendangmulyo,Tembalang,Semarang,Jawa Tengah
ChIJRxkHrEqMcC4RuCGDJxTh3Q0,Nori House,"XF8F+FFR, Jl. Perumahan Ketileng Indah, Sendangmulyo, Kec. Tembalang, Kota Semarang, Jawa Tengah 50272, Indonesia",Restoran,4.8,25,Senin: 10.30–21.00 | Selasa: 10.30–21.00 | Rabu: 10.30–21.00 | Kamis: 10.30–21.00 | Jumat: 10.30–21.00 | Sabtu: 10.30–21.00 | Minggu: 10.30–21.00,,,-7.033754999999999,110.4736284,,,ramen,"XF8F+FFR, Jl. Perumahan Ketileng Indah",Sendangmulyo,Tembalang,Semarang,Jawa Tengah
ChIJn_1qYemNcC4RQVCRsmMQ5LI,Pak MOE Katsu dan Mie Ramen,"Jl. Klipang Raya, Sendangmulyo, Kec. Tembalang, Kota Semarang, Jawa Tengah 50272, Indonesia",Restoran,5.0,3,Senin: 15.30–21.00 | Selasa: 15.30–21.00 | Rabu: 15.30–21.00 | Kamis: 15.30–21.00 | Jumat: 15.30–21.00 | Sabtu: 15.30–21.00 | Minggu: Tutup,,,-7.0376688,110.4791277,0812-2509-7097,,ramen,Jl. Klipang Raya,Sendangmulyo,Tembalang,Semarang,Jawa Tengah
ChIJ_bqKBBiNcC4ROlbRDdvS2qY,Hambagu Japan Steak Rice,"XF6F+XC6 Biru Depo Air Minum, Jl. Klipang Raya, Sendangmulyo, Kec. Tembalang, Kota Semarang, Jawa Tengah 50272, Indonesia",Restoran Jepang,4.7,3,Senin: 10.00–22.00 | Selasa: 10.00–22.00 | Rabu: 10.00–22.00 | Kamis: 10.00–22.00 | Jumat: 10.00–22.00 | Sabtu: 10.00–22.00 | Minggu: 10.00–22.00,,,-7.0375844,110.4735108,,,ramen,"XF6F+XC6 Biru Depo Air Minum, Jl. Klipang Raya",Sendangmulyo,Tembalang,Semarang,Jawa Tengah
ChIJeQb0kBGPcC4RrEJTXn7eaUk,Warung Katsu J-pan,"Jl. Banjarsari No.29, Tembalang, Kec. Tembalang, Kota Semarang, Jawa Tengah 50275, Indonesia",Restoran Jepang,4.7,21,Senin: 10.00–19.30 | Selasa: 10.00–19.30 | Rabu: 10.00–19.30 | Kamis: 10.00–19.30 | Jumat: 10.00–19.30 | Sabtu: 10.00–19.30 | Minggu: Tutup,1.0,25000.0,-7.0597621,110.4385803,,,ramen,Jl. Banjarsari No.29,Tembalang,Tembalang,Semarang,Jawa Tengah
