Place ID,Nama Tempat,Alamat,Jenis Bisnis,Rating,Jumlah Review,Jam Operasional,Harga Start,Harga End,Latitude,Longitude,Telepon,Website,Keyword
ChIJeXbyGyGPcC4Rg7-5wOCeOeA,Bakmi Tantjap Tembalang,"Area NJ Guest House, Jl. Jatimulyo No.9 Lt. 2, Pedalangan, Kec. Banyumanik, Kota Semarang, Jawa Tengah 50268, Indonesia",Restoran,4.8,360,Senin: 10.00–23.30 | Selasa: 10.00–23.30 | Rabu: 10.00–23.30 | Kamis: 10.00–23.30 | Jumat: 10.00–23.30 | Sabtu: 10.00–23.30 | Minggu: 10.00–23.30,25000.0,50000.0,-7.0569665,110.4335021,0851-3858-4778,,bakmi
ChIJ5WOtWQCPcC4RedscHY-t5fw,Bakmi Serangkai Tembalang,"Jl. Mulawarman Raya No.11, Pedalangan, Kec. Banyumanik, Kota Semarang, Jawa Tengah 50264, Indonesia",Restoran Mie,4.4,81,Senin: 12.00–01.00 | Selasa: 12.00–01.00 | Rabu: 12.00–01.00 | Kamis: 12.00–01.00 | Jumat: 13.00–01.00 | Sabtu: 12.00–01.00 | Minggu: 12.00–01.00,25000.0,50000.0,-7.0682949,110.4338875,0822-2527-1048,,bakmi
ChIJTYgZCgCNcC4RmHHSNBKPfYs,Bakmi Polsek Nasihuy Cabang tembalang,"WCWJ+8HX, Jl. Prof. Soedarto, Pedalangan, Kec. Banyumanik, Kota Semarang, Jawa Tengah 50268, Indonesia",Restoran Indonesia,5.0,3,Senin: Buka 24 jam | Selasa: Buka 24 jam | Rabu: Buka 24 jam | Kamis: Buka 24 jam | Jumat: Buka 24 jam | Sabtu: Buka 24 jam | Minggu: Buka 24 jam,,,-7.0541331,110.4314746,,,bakmi
ChIJhaPc7XaPcC4RjRquGAb9kQE,Bakmi Surabaya Cak Dul 2,"Jl. Mulawarman Selatan Raya No.18, Kramas, Kec. Tembalang, Kota Semarang, Jawa Tengah 50278, Indonesia",Restoran Mie,4.0,495,Senin: 07.30–23.30 | Selasa: 07.30–23.30 | Rabu: 07.30–23.30 | Kamis: 07.30–23.30 | Jumat: 07.30–23.30 | Sabtu: 07.30–23.30 | Minggu: 07.30–23.30,1.0,25000.0,-7.068204199999999,110.4372738,0821-3400-6730,,bakmi
ChIJtXUqbImPcC4RdXRvTOFnNlY,BAKSU (Bakmie & Katsu),"Jl. Timoho Bar. III No.38, Bulusan, Kec. Tembalang, Kota Semarang, Jawa Tengah 50277, Indonesia",Restoran Mie,4.3,144,Senin: 09.00–21.00 | Selasa: 09.00–21.00 | Rabu: 09.00–21.00 | Kamis: 09.00–21.00 | Jumat: 09.00–21.00 | Sabtu: 09.00–21.00 | Minggu: 09.00–21.00,1.0,25000.0,-7.0570759999999995,110.444335,0895-3605-97975,,bakmi
ChIJJatTaFuPcC4RgzWs9JqpT4w,"Pondok Bakmie Surabaya ""Cak Dul""","Jl. Banjarsari Raya Tembalang No.44, Tembalang, Kec. Tembalang, Kota Semarang, Jawa Tengah 50275, Indonesia",Restoran Mie,3.4,64,Senin: 07.00–23.30 | Selasa: 07.00–23.30 | Rabu: 07.00–23.30 | Kamis: 07.00–23.30 | Jumat: 07.00–23.30 | Sabtu: 07.00–23.30 | Minggu: 07.00–23.30,1.0,25000.0,-7.0597334,110.44009969999999,0813-2803-2121,,bakmi
ChIJ6c-rHNeNcC4RxFrb1LRitnY,Bakmi Juned,"Jl. Sambiroto, Kedungmundu, Kec. Tembalang, Kota Semarang, Jawa Tengah 50276, Indonesia",Restoran Mie,4.7,158,Senin: Tutup | Selasa: 17.00–00.00 | Rabu: 17.00–00.00 | Kamis: 17.00–00.00 | Jumat: 17.00–00.00 | Sabtu: 17.00–00.00 | Minggu: Tutup,1.0,25000.0,-7.0240155,110.45878970000001,,,bakmi
ChIJecbeHbSNcC4R8qA_dqzD6_0,Bakmi Jowo Pak Pardi,"WCVP+V7G, Jl. Prof. Soedarto, Tembalang, Kec. Tembalang, Kota Semarang, Jawa Tengah 50275, Indonesia",Restoran Mie,4.5,73,Senin: 17.30–23.00 | Selasa: 17.30–23.00 | Rabu: 17.30–23.00 | Kamis: 17.30–23.00 | Jumat: 17.30–23.00 | Sabtu: 17.30–23.00 | Minggu: 17.30–23.00,1.0,25000.0,-7.0553237,110.43570419999999,,,bakmi
ChIJgbGyRs2NcC4RkLPvVSfeiSA,Bakmi Jowo Pakde No,"XF4F+PXX, Sendangmulyo, Kec. Tembalang, Kota Semarang, Jawa Tengah 50272, Indonesia",Restoran Mie,4.7,222,Senin: 17.00–00.00 | Selasa: 17.00–00.00 | Rabu: 17.00–00.00 | Kamis: 17.00–00.00 | Jumat: 17.00–00.00 | Sabtu: 17.00–00.00 | Minggu: 17.00–00.00,1.0,25000.0,-7.0431352,110.47499189999999,0858-0284-2523,,bakmi
ChIJQx9PIwCNcC4R_y1_VUp6Slw,Bakmie Polsek Nasihuy cabang tembalang,"Jl. Adi Patiunus No.16-2, Tembalang, Kec. Tembalang, Kota Semarang, Jawa Tengah 50275, Indonesia",Restoran Indonesia,5.0,1,Senin: Buka 24 jam | Selasa: Buka 24 jam | Rabu: Buka 24 jam | Kamis: Buka 24 jam | Jumat: Buka 24 jam | Sabtu: Buka 24 jam | Minggu: Buka 24 jam,,,-7.055036299999999,110.43469309999999,,,bakmi
ChIJWYKmHoWOcC4R1ymWqWklW44,Bakmi Jowo Mas Bambang (dwi),"Meteseh, Kec. Tembalang, Kota Semarang, Jawa Tengah 50271, Indonesia",Restoran Mie,4.6,120,Senin: 17.00–00.00 | Selasa: 17.00–00.00 | Rabu: 17.00–00.00 | Kamis: 17.00–00.00 | Jumat: 17.00–00.00 | Sabtu: 17.00–00.00 | Minggu: 17.00–00.00,1.0,25000.0,-7.062676199999999,110.46382469999999,,,bakmi
ChIJK2zTIwOMcC4RgWbHxRmji1g,Mie Ayam Jakarta Bang Mail,"Jl baskoro no, 75, RT.3/RW.7, Tembalang, Kec. Tembalang, Kota Semarang, Jawa Tengah 50275, Indonesia",Restoran Mie,4.6,1261,Senin: 09.00–18.00 | Selasa: 09.00–18.00 | Rabu: 09.00–18.00 | Kamis: 09.00–18.00 | Jumat: 09.00–18.00 | Sabtu: 09.00–18.00 | Minggu: Tutup,1.0,25000.0,-7.0531489999999994,110.43683,0896-6133-9995,,bakmi
ChIJU36TEzWMcC4RzjNq9h6ee0A,Mie Surabaya Cak Bagus Ketileng,"Depan SDIT Tunas Harapan, Ruko Mutiara Gading A4, Jl. Ketileng Indah Raya, Sendangmulyo, Kec. Tembalang, Kota Semarang, Jawa Tengah 50272, Indonesia",Restoran Mie,4.5,458,Senin: 16.00–23.55 | Selasa: 16.00–23.55 | Rabu: 16.00–23.55 | Kamis: 16.00–23.55 | Jumat: 16.00–23.55 | Sabtu: 16.00–23.55 | Minggu: 16.00–23.55,1.0,25000.0,-7.0353436,110.4717919,0822-3047-3223,,bakmi
ChIJM1r0njiMcC4RjqF-2JuSr4s,Bakmi Dan Nasi Goreng Cak Budi,"Jl. Kompol R. Sukamto, Sambiroto, Kec. Tembalang, Kota Semarang, Jawa Tengah 50276, Indonesia",Restoran Indonesia,4.7,138,Senin: 12.00–00.00 | Selasa: 12.00–00.00 | Rabu: 12.00–00.00 | Kamis: 12.00–00.00 | Jumat: 12.00–00.00 | Sabtu: 12.00–00.00 | Minggu: 12.00–00.00,1.0,25000.0,-7.0349664999999995,110.4578418,0877-0025-4333,,bakmi
ChIJtd7IDgCPcC4RDenSnPjmk18,PONDOK Bakmi Surabaya Cak DUL,"WFV7+478, Jl. Profesor Suharso, Meteseh, Kec. Tembalang, Kota Semarang, Jawa Tengah 50277, Indonesia",Warung Makanan Kecil,3.9,14,Senin: 16.00–23.00 | Selasa: 16.00–23.00 | Rabu: 16.00–23.00 | Kamis: 16.00–23.00 | Jumat: 16.00–23.00 | Sabtu: 16.00–23.00 | Minggu: 16.00–23.00,,,-7.0572048999999994,110.4631895,0813-2515-7257,,bakmi
ChIJrSiv_0uMcC4R7u6wqeW5U2k,Bakmi Surabaya Cak Baron,"XFC9+768, Jl. Ketileng Raya, Sendangmulyo, Kec. Tembalang, Kota Semarang, Jawa Tengah 50272, Indonesia",Restoran Mie,4.6,27,Senin: 18.45–23.45 | Selasa: 18.45–23.45 | Rabu: 18.45–23.45 | Kamis: 18.45–23.45 | Jumat: 18.45–23.45 | Sabtu: 18.45–23.45 | Minggu: 18.45–23.45,,,-7.029325399999999,110.46807779999999,,,bakmi
ChIJrc8oxsOPcC4R92H9XZlWLwo,Mie Bandung GG Belakang Pak Min Tembalang,"Jl. Banjarsari Selatan No.10, Pedalangan, Kec. Banyumanik, Kota Semarang, Jawa Tengah 50268, Indonesia",Restoran Mie,4.6,333,Senin: 10.00–21.30 | Selasa: 10.00–21.30 | Rabu: 10.00–21.30 | Kamis: 10.00–21.30 | Jumat: 10.00–21.30 | Sabtu: 10.00–21.30 | Minggu: 10.00–21.30,1.0,25000.0,-7.0605128,110.4354365,0857-2513-9735,,bakmi
ChIJR9PPyT-NcC4RzwQ-Xo4rU0s,BAKMI JOWO GM GAJAH MAKMUR,"Jl. Gayamsari Selatan I No.47, Sendangguwo, Kec. Tembalang, Kota Semarang, Jawa Tengah 50248, Indonesia",Restoran,4.9,30,Senin: 10.00–02.00 | Selasa: 10.00–02.00 | Rabu: 10.00–02.00 | Kamis: 10.00–02.00 | Jumat: 10.00–02.00 | Sabtu: 10.00–02.00 | Minggu: 10.00–02.00,1.0,25000.0,-7.0073053,110.44884549999999,0823-2276-4326,,bakmi
ChIJU8ywW0mMcC4R5xWApb8GEH4,Bakmi Surabaya cak zun,"Jl. Kompol R. Soekanto, kota, Sambiroto, Kec. Tembalang, Kota Semarang, Jawa Tengah 50272, Indonesia",Restoran Mie,4.3,44,Senin: 16.00–23.30 | Selasa: 16.00–23.30 | Rabu: 16.00–23.30 | Kamis: 16.00–23.30 | Jumat: 16.00–23.30 | Sabtu: 16.00–23.30 | Minggu: 16.00–23.30,1.0,25000.0,-7.027704600000001,110.459498,0857-1312-5010,,bakmi
ChIJV3hTYfaNcC4R3SvQLPXEQi0,Bakmi Jowo Pak Brewok,"Jl. Klipang Raya Permai Blok G23, Sendangmulyo, Kec. Tembalang, Kota Semarang, Jawa Tengah 50272, Indonesia",Restoran Mie,4.8,77,Senin: 17.00–23.00 | Selasa: 17.00–23.00 | Rabu: 17.00–23.00 | Kamis: 17.00–23.00 | Jumat: 17.00–23.00 | Sabtu: 17.00–23.00 | Minggu: 17.00–23.00,1.0,25000.0,-7.0427821999999995,110.4791285,0821-3485-7772,,bakmi
ChIJP98OMsyNcC4RFvQR_C6gBOI,"Bakmi Surabaya ""cak Pri""","Blok D No, Jl. Klipang Raya Blk. G No.6, Sendangmulyo, Kec. Tembalang, Kota Semarang, Jawa Tengah 50272, Indonesia",Restoran Mie,4.1,82,Senin: 16.00–23.30 | Selasa: 16.00–23.30 | Rabu: 16.00–23.30 | Kamis: 16.00–23.30 | Jumat: 16.00–23.30 | Sabtu: 16.00–23.30 | Minggu: 16.00–23.30,1.0,25000.0,-7.041143399999999,110.4792524,0813-2559-2036,,bakmi
ChIJoVUk1V2NcC4RLXWsQyrPNgQ,BAKMI JOWO KANG DOEL,"XFH4+HPR, Kedungmundu, Kec. Tembalang, Kota Semarang, Jawa Tengah 50274, Indonesia",Restoran Mie,4.9,16,Senin: 15.30–23.30 | Selasa: 15.30–23.30 | Rabu: 15.30–23.30 | Kamis: 15.30–23.30 | Jumat: 15.30–23.30 | Sabtu: 15.30–23.30 | Minggu: 15.30–23.30,,,-7.0210026,110.4567797,0812-2556-0512,,bakmi
ChIJRZb2GFuMcC4Rn6b0kDBMkq0,Pondok Bakmi Bu Tarno,"XFG5+P9F, Jalan Jl. Kedungmundu, Kedungmundu, Kec. Tembalang, Kota Semarang, Jawa Tengah 50273, Indonesia",Kafe,4.4,97,Senin: 18.00–00.00 | Selasa: 18.00–00.00 | Rabu: 18.00–00.00 | Kamis: 18.00–00.00 | Jumat: 18.00–00.00 | Sabtu: 18.00–00.00 | Minggu: 18.00–00.00,1.0,25000.0,-7.023199000000001,110.4584241,,,bakmi
ChIJjetfDhaNcC4RCq7ljR_IuRk,Bakmi Serangkai,"Jl. Veteran No.3A, Lempongsari, Kec. Gajahmungkur, Kota Semarang, Jawa Tengah 50196, Indonesia",Restoran Mie,4.5,1249,Senin: 12.00–01.00 | Selasa: 12.00–01.00 | Rabu: 12.00–01.00 | Kamis: 12.00–01.00 | Jumat: 13.00–01.00 | Sabtu: 12.00–01.00 | Minggu: 12.00–01.00,25000.0,50000.0,-6.9962563,110.41398799999999,0821-3817-3482,https://instagram.com/bakmiserangkai?igshid=OGQ5ZDc2ODk2ZA==,bakmi
ChIJ6fMwdzaMcC4R8Y2y6XRoDio,Bakmi Jowo Mas Agus,"XF69+X82, Jl. Gendong Raya, Mangunharjo, Kec. Tembalang, Kota Semarang, Jawa Tengah 50272, Indonesia",Restoran Mie,4.6,29,Senin: 17.00–00.00 | Selasa: 17.00–00.00 | Rabu: 17.00–00.00 | Kamis: 17.00–00.00 | Jumat: 17.00–00.00 | Sabtu: 17.00–00.00 | Minggu: 17.00–00.00,,,-7.0376188,110.46828099999999,0819-0437-2937,,bakmi
ChIJ1-wrxbuPcC4RjQsFk1iq9hE,"MIE JAKARTA ""CITA RASA""","Jl. Gerungsari No.26, Bulusan, Kec. Tembalang, Kota Semarang, Jawa Tengah 50277, Indonesia",Restoran Indonesia,4.8,123,Senin: 09.00–21.00 | Selasa: 09.00–21.00 | Rabu: 09.00–21.00 | Kamis: 09.00–21.00 | Jumat: 09.00–21.00 | Sabtu: 09.00–21.00 | Minggu: Tutup,1.0,25000.0,-7.057002799999999,110.44380299999999,,,bakmi
ChIJU8nrZlaMcC4RLOn2lTHcPcc,Bakmie Pak Wi',"XFM8+HM8, Jl. Amposari Raya, Kedungmundu, Kec. Tembalang, Kota Semarang, Jawa Tengah 50273, Indonesia",Restoran Mie,4.5,44,Senin: 17.00–00.00 | Selasa: 17.00–00.00 | Rabu: 17.00–00.00 | Kamis: 17.00–00.00 | Jumat: 17.00–00.00 | Sabtu: 17.00–00.00 | Minggu: 17.00–00.00,1.0,25000.0,-7.0160845,110.46671699999999,0821-2831-6087,,bakmi
ChIJJxgFttKNcC4RQ8rAtfeapGY,bakmi surabaya cak yanto,"XF3F+VP9, Sendangmulyo, Kec. Tembalang, Kota Semarang, Jawa Tengah 50272, Indonesia",Restoran Mie,4.5,15,Senin: 17.00–22.00 | Selasa: 17.00–22.00 | Rabu: 17.00–22.00 | Kamis: 17.00–22.00 | Jumat: 17.00–22.00 | Sabtu: 17.00–22.00 | Minggu: Tutup,,,-7.045329499999999,110.4743525,0895-3367-24891,,bakmi
ChIJHxEffxqPcC4R9Vf5XuiZk4I,WARPAD Yamien & Ayam goreng,"Jl. Gondang Barat I No.7, Bulusan, Kec. Tembalang, Kota Semarang, Jawa Tengah 50277, Indonesia",Kedai Sarapan & Makan Siang,4.5,496,Senin: 10.00–21.00 | Selasa: 10.00–21.00 | Rabu: 10.00–21.00 | Kamis: 10.00–21.00 | Jumat: 10.00–21.00 | Sabtu: 10.00–21.00 | Minggu: Tutup,1.0,25000.0,-7.0627192,110.4389557,0823-3675-1133,,bakmi
ChIJrQVc_UaMcC4RTZfwIkFLgi4,Bakmi Jowo Mas Agus,"Jl. Sambiroto Raya No.6, Sambiroto, Kec. Tembalang, Kota Semarang, Jawa Tengah 50276, Indonesia",Restoran Mie,4.5,99,Senin: 17.00–02.00 | Selasa: 17.00–02.00 | Rabu: 17.00–02.00 | Kamis: 17.00–02.00 | Jumat: 17.00–02.00 | Sabtu: 17.00–02.00 | Minggu: 17.00–02.00,,,-7.0323598,110.45810999999999,0858-0213-9915,,bakmi
ChIJmz5rQmKNcC4RFDVi6Uh1NPU,Bakmi jowo dan nasi goreng bintang lima,"Depas puskesmas Jl. Kompol R Soekanto, Mangunharjo, Kec. Tembalang, Kota Semarang, Jawa Tengah 50272, Indonesia",Restoran Indonesia,5.0,16,Senin: 17.00–00.00 | Selasa: 17.00–00.00 | Rabu: 17.00–00.00 | Kamis: 17.00–00.00 | Jumat: 17.00–00.00 | Sabtu: 17.00–00.00 | Minggu: 17.00–00.00,1.0,25000.0,-7.0447647,110.46085699999999,0813-2900-2728,,bakmi
ChIJp-L4MsuNcC4RuICWj6CBuJk,Bakmie Jowo Mas Jenggot,"Jl. Klipang Raya No.26, Sendangmulyo, Kec. Tembalang, Kota Semarang, Jawa Tengah 50272, Indonesia",Restoran Mie,4.3,27,,1.0,25000.0,-7.0372521,110.474049,,,bakmi
ChIJJxXt44COcC4RctS71K6-h98,Bakmi Surabaya,"Jalan Rowosari Raya, Jl. Talang Jl. Baskoro Raya, Meteseh, Kec. Tembalang, Kota Semarang, Jawa Tengah 50271, Indonesia",Restoran Mie,3.8,10,Senin: 17.00–00.00 | Selasa: 17.00–00.00 | Rabu: 17.00–00.00 | Kamis: 17.00–00.00 | Jumat: 17.00–00.00 | Sabtu: 17.00–00.00 | Minggu: 17.00–00.00,,,-7.058049899999999,110.4710327,0813-2669-4979,,bakmi
ChIJSXbLDACPcC4RLRlJoxtD-mU,Bakmi Kongsian,"Ruko, Ruko AD, Jl. Bukit Kencana Jaya Jl. Boulevard No.25, Meteseh, Kec. Tembalang, Kota Semarang, Jawa Tengah 50271, Indonesia",Rumah Makan,4.8,20,,1.0,25000.0,-7.065351499999999,110.46101720000001,,,bakmi
ChIJ3Z0aT0SNcC4R5DYgdoElS6I,"BAKMI SUROBOYO MAS NDUT (YUDI),METESEH","Jl. Raya Sendangmulyo, Meteseh, Kec. Tembalang, Kota Semarang, Jawa Tengah 50271, Indonesia",Restoran Mie,4.3,8,Senin: 17.30–23.00 | Selasa: 17.30–23.00 | Rabu: 17.30–23.00 | Kamis: 17.30–23.00 | Jumat: 17.30–23.00 | Sabtu: 17.30–23.00 | Minggu: 17.30–23.00,,,-7.052854399999999,110.47146649999999,0878-3106-0032,,bakmi
ChIJfycgi0aMcC4R9v_d-Pm9wYE,Bakmi Jowo Pak Gito,"XFF5+9Q6, Jl. Sambiroto Raya, Sambiroto, Kec. Tembalang, Kota Semarang, Jawa Tengah 50276, Indonesia",Restoran Mie,4.3,22,Senin: 17.00–00.00 | Selasa: 17.00–00.00 | Rabu: 17.00–00.00 | Kamis: 17.00–00.00 | Jumat: 17.00–00.00 | Sabtu: 17.00–00.00 | Minggu: 17.00–00.00,1.0,25000.0,-7.0265843,110.4593769,0812-2527-7968,,bakmi
ChIJMZUA_IKOcC4RmshG28sWIio,Bakmi Jowo Bu Hadi,"Jalan Prof. Suharso ,Meteseh, Tembalang, Meteseh, Kec. Tembalang, Kota Semarang, Jawa Tengah 50271, Indonesia",Restoran Mie,4.0,28,Senin: 16.30–00.00 | Selasa: 16.30–00.00 | Rabu: 16.30–00.00 | Kamis: 16.30–00.00 | Jumat: 16.30–00.00 | Sabtu: 16.30–00.00 | Minggu: 16.30–00.00,1.0,25000.0,-7.056713599999999,110.4647068,0812-4248-4643,,bakmi
ChIJJQMvvciPcC4RZvQ_1E_TXQA,Bakmi Jowo Mas Ndut,"Jl. Dinar Elok Raya No.K2 No.5, Meteseh, Kec. Tembalang, Kota Semarang, Jawa Tengah 50271, Indonesia",Restoran Mie,3.8,21,Senin: 16.30–00.00 | Selasa: 16.30–00.00 | Rabu: 16.30–00.00 | Kamis: 16.30–00.00 | Jumat: 16.30–00.00 | Sabtu: 16.30–00.00 | Minggu: 16.30–00.00,1.0,25000.0,-7.0603978,110.4691213,,,bakmi
ChIJXaXROPKMcC4RcsCILDuQ1qQ,Bakmi Surabaya & Seafood Sukabangijo,"Jl. Majapahit No.299, Gemah, Kec. Pedurungan, Kota Semarang, Jawa Tengah 50246, Indonesia",Restoran Mie,4.4,973,Senin: Tutup | Selasa: 12.00–23.00 | Rabu: 12.00–23.00 | Kamis: 12.00–23.00 | Jumat: 12.00–23.00 | Sabtu: 12.00–23.00 | Minggu: 12.00–23.00,25000.0,50000.0,-7.0060690999999995,110.4549628,0812-3643-9079,,bakmi
ChIJKQGsi8CNcC4RMUH7EycP9o0,bakmie surabaya mas allfa99,"Jl. Kedungmundu No.169, Sendangguwo, Kec. Tembalang, Kota Semarang, Jawa Tengah 50271, Indonesia",Konsultan,5.0,3,Senin: 17.00–23.00 | Selasa: 16.30–23.30 | Rabu: 16.30–23.30 | Kamis: 16.30–23.30 | Jumat: 17.00–23.00 | Sabtu: 16.30–23.30 | Minggu: Buka 24 jam,,,-7.013551,110.45174600000001,0822-2408-0549,http://grabfood.co.id/,bakmi
ChIJC81FzY6McC4R0UtayITFLyQ,Pondok Bakmi Ayu Bu Tarno,"XCQR+XQ7, Gg. X, Lamper Tengah, Kec. Semarang Sel., Kota Semarang, Jawa Tengah 50248, Indonesia",Restoran Mie,4.5,730,Senin: 01.00–00.00 | Selasa: 01.00–00.00 | Rabu: 01.00–00.00 | Kamis: 01.00–00.00 | Jumat: 01.00–00.00 | Sabtu: 01.00–00.00 | Minggu: 01.00–00.00,1.0,50000.0,-7.010088100000001,110.4419089,0852-8783-0644,,bakmi
ChIJn2u2R1WLcC4R_GOmVImnhjc,Bakmi Hap Kie,"Jl. Beteng No.117, Kranggan, Kec. Semarang Tengah, Kota Semarang, Jawa Tengah 50139, Indonesia",Restoran Hidangan Mie China,4.5,2689,Senin: 11.00–21.00 | Selasa: 11.00–21.00 | Rabu: 11.00–21.00 | Kamis: 11.00–21.00 | Jumat: 11.00–21.00 | Sabtu: 11.00–21.00 | Minggu: 11.00–21.00,25000.0,50000.0,-6.9782128,110.4249548,(024) 3540631,,bakmi
ChIJKY92avyMcC4RdmoDtfRZTTI,Bakmi Jowo Bang Jum,"XFRC+X7M, Jl. Pedurungan Tengah 6, Palebon, Kec. Pedurungan, Kota Semarang, Jawa Tengah 50246, Indonesia",Restoran Mie,4.3,390,Senin: 18.30–00.00 | Selasa: 18.30–00.00 | Rabu: 18.30–00.00 | Kamis: 18.30–00.00 | Jumat: 18.30–00.00 | Sabtu: 18.30–00.00 | Minggu: 18.30–00.00,1.0,25000.0,-7.0075417,110.470664,0815-7669-654,,bakmi
ChIJie89a4WMcC4RnGtD4gLyXI0,"Pondok Bakmi Jowo ""SIPER"" (Isi Perut)","Jl. Sompok Baru No.69, Lamper Kidul, Kec. Semarang Sel., Kota Semarang, Jawa Tengah 50249, Indonesia",Restoran Mie,4.5,295,Senin: 13.00–00.00 | Selasa: 13.00–00.00 | Rabu: 13.00–00.00 | Kamis: 13.00–00.00 | Jumat: 13.00–00.00 | Sabtu: 13.00–00.00 | Minggu: 13.00–00.00,1.0,25000.0,-7.0067447,110.4366517,,,bakmi
ChIJG2EFDVaPcC4R6ED15rlorfc,Nasi Goreng & Bakmi Jawa (Graha Metro),"Graha Metro No.12B Blk B, Meteseh, Kec. Tembalang, Kota Semarang, Jawa Tengah 50271, Indonesia",Restoran,4.0,24,Senin: 15.00–00.00 | Selasa: 15.00–00.00 | Rabu: 15.00–00.00 | Kamis: 15.00–00.00 | Jumat: 15.00–00.00 | Sabtu: 15.00–00.00 | Minggu: 15.00–00.00,1.0,25000.0,-7.0594698,110.4768222,0856-4334-8465,,bakmi
ChIJ_VHlvsiNcC4RcqfwTM81Q1g,Warung TUMAN - Nasi Goreng & Bakmi Tuman,"Meteseh, Kec. Tembalang, Kota Semarang, Jawa Tengah 50271, Indonesia",Restoran Indonesia,5.0,12,Senin: 17.00–22.00 | Selasa: 17.00–22.00 | Rabu: 17.00–22.00 | Kamis: 17.00–22.00 | Jumat: 17.00–22.00 | Sabtu: 17.00–22.00 | Minggu: 17.00–22.00,,,-7.0532611,110.47766539999999,,https://id.shp.ee/ehq3wrw?smtt=0.0.9,bakmi
ChIJnxdaBlOMcC4RGNV3jIigBFU,Bakmie Suroboyo,"XFHC+JFF, Jl. Mukharom, Kedungmundu, Kec. Tembalang, Kota Semarang, Jawa Tengah 50273, Indonesia",Restoran Mie,4.6,5,Senin: 12.00–22.00 | Selasa: 12.00–22.00 | Rabu: 12.00–22.00 | Kamis: 12.00–22.00 | Jumat: 12.00–22.00 | Sabtu: 12.00–22.00 | Minggu: 12.00–22.00,,,-7.0209261,110.4711605,,,bakmi
ChIJ1SQpuN-NcC4RDwGw_exhshM,Bakmi jowo Petruk,"Jl. Fatmawati No.175, Kedungmundu, Kec. Tembalang, Kota Semarang, Jawa Tengah 50273, Indonesia",Restoran Mie,4.3,11,Senin: Buka 24 jam | Selasa: Buka 24 jam | Rabu: Buka 24 jam | Kamis: Buka 24 jam | Jumat: Buka 24 jam | Sabtu: Buka 24 jam | Minggu: Buka 24 jam,1.0,25000.0,-7.023638,110.4683441,0889-3316-417,,bakmi
ChIJOz7UdMuNcC4RpKko4wYW-S8,Bakmi jowo pak wito,"Jl. Klipang Raya, Sendangmulyo, Kec. Tembalang, Kota Semarang, Jawa Tengah 50272, Indonesia",Restoran Asia,3.9,16,Senin: 17.00–01.00 | Selasa: 17.00–01.00 | Rabu: 17.00–01.00 | Kamis: 17.00–01.00 | Jumat: 17.00–01.00 | Sabtu: 17.00–01.00 | Minggu: 17.00–01.00,,,-7.0377393999999995,110.4766588,0851-0010-6508,,bakmi
ChIJ8Z4crV6McC4RzyS--cGCmy4,Mie Bandung Gg. Belakang Pak Min,"Kedungmu, Jl. Kedungmundu, Tandang, Kec. Tembalang, Kota Semarang, Jawa Tengah 50273, Indonesia",Restoran Mie,4.5,348,Senin: 10.00–20.00 | Selasa: 10.00–20.00 | Rabu: 10.00–20.00 | Kamis: 10.00–20.00 | Jumat: 10.00–20.00 | Sabtu: 10.00–20.00 | Minggu: 10.00–20.00,1.0,25000.0,-7.0190464,110.4558062,0877-0009-5450,,bakmi
ChIJDQfVxICNcC4RSkXlhI76DNg,Bakmi Jowo Nasi Goreng KADONG TRESNO,"Jl. Sambiroto Raya No.45A, Sambiroto, Kec. Tembalang, Kota Semarang, Jawa Tengah 50276, Indonesia",Restoran Mie,3.1,64,Senin: 17.00–01.00 | Selasa: 17.00–01.00 | Rabu: 17.00–01.00 | Kamis: 17.00–01.00 | Jumat: 17.00–01.00 | Sabtu: 17.00–01.00 | Minggu: 17.00–01.00,1.0,25000.0,-7.029968500000001,110.4589556,0821-3525-5678,,bakmi
ChIJIfDQNdONcC4RUNBO7glLNss,Bakmi Jowo Mas Nang,"perum klipang Blk. P XIV, Sendangmulyo, Kec. Tembalang, Kota Semarang, Jawa Tengah 50272, Indonesia",Restoran Mie,4.7,6,Senin: 17.00–00.00 | Selasa: 17.00–00.00 | Rabu: 17.00–00.00 | Kamis: 17.00–00.00 | Jumat: 17.00–00.00 | Sabtu: 17.00–00.00 | Minggu: 17.00–00.00,1.0,25000.0,-7.0449503,110.479215,,,bakmi
ChIJQej38XiPcC4RIKVRhbFjTx4,Kedai Tinari,"Jl. Sawunggaling III No.44, Pedalangan, Kec. Banyumanik, Kota Semarang, Jawa Tengah 50268, Indonesia",Restoran,4.9,2558,Senin: 11.00–21.00 | Selasa: 11.00–21.00 | Rabu: 11.00–21.00 | Kamis: 11.00–21.00 | Jumat: 11.00–21.00 | Sabtu: 11.00–21.00 | Minggu: 11.00–21.00,25000.0,50000.0,-7.0694211000000005,110.4324329,,https://www.instagram.com/kedaitinari_,bakmi
ChIJDy-49YONcC4RYk7oS8EJGvQ,Bakmi Jowo Pak Yanto,"Jl. Majapahit No.105, Pandean Lamper, Kec. Gayamsari, Kota Semarang, Jawa Tengah 50249, Indonesia",Restoran Mie,4.5,52,Senin: 17.00–00.00 | Selasa: 17.00–00.00 | Rabu: 17.00–00.00 | Kamis: 17.00–00.00 | Jumat: 17.00–00.00 | Sabtu: 17.00–00.00 | Minggu: 17.00–00.00,1.0,25000.0,-7.0025543,110.4488234,0881-3953-175,https://www.instagram.com/bakmijowo_pakyanto/,bakmi
ChIJ3ZBU25KNcC4RqB11HGOBSl4,Bakmi Jowo Sederhana,"Jl. Tegal Kangkung 14 No.224, Kedungmundu, Kec. Tembalang, Kota Semarang, Jawa Tengah 50273, Indonesia",Restoran Mie,4.3,4,Senin: 18.00–00.00 | Selasa: 18.00–00.00 | Rabu: 18.00–00.00 | Kamis: 18.00–00.00 | Jumat: 18.00–00.00 | Sabtu: 18.00–00.00 | Minggu: 18.00–00.00,,,-7.0232436,110.46893159999999,,,bakmi
ChIJfTRjMEWMcC4Rj2KUGiM1VN4,Bakmi Jowo Pak No,"XFG6+25P, Sambiroto, Kec. Tembalang, Kota Semarang, Jawa Tengah 50276, Indonesia",Restoran Mie,3.8,4,Senin: 04.00–01.00 | Selasa: 04.00–01.00 | Rabu: 04.00–01.00 | Kamis: 04.00–01.00 | Jumat: 04.00–01.00 | Sabtu: 04.00–01.00 | Minggu: 04.00–01.00,,,-7.0249203,110.4604521,0857-9916-0449,,bakmi
ChIJ3zL5RrCPcC4RiHPrpizskyI,Bakmi Jowo Pak Sis - Meteseh,"Jl. Bukit Klp. Gading I No.32, Meteseh, Kec. Tembalang, Kota Semarang, Jawa Tengah 50271, Indonesia",Restoran Mie,5.0,1,Senin: 17.00–00.00 | Selasa: 17.00–00.00 | Rabu: 17.00–00.00 | Kamis: 17.00–00.00 | Jumat: 17.00–00.00 | Sabtu: 17.00–00.00 | Minggu: 17.00–00.00,,,-7.065750899999999,110.45981979999999,0822-2096-6500,,bakmi
ChIJGfdoH1uMcC4RsyBmeoYhD24,Mie Ayam Happy,"Jl. Kedungmundu No.510A, Kedungmundu, Kec. Tembalang, Kota Semarang, Jawa Tengah 50273, Indonesia",Restoran Mie,4.6,2580,Senin: Tutup | Selasa: 10.00–21.00 | Rabu: 10.00–21.00 | Kamis: 10.00–21.00 | Jumat: 10.00–21.00 | Sabtu: 10.00–21.00 | Minggu: 10.00–21.00,1.0,25000.0,-7.023494299999999,110.45880659999999,0812-2824-444,,bakmi
ChIJH-KpBwCPcC4RwEjvXtXhZc8,Pondok Bakmi Surabaya Cakdul Meteseh,"WFQ6+JWG, WFV7+46GJl. Bukit Kencana, JayaMeteseh, Kec. Tembalang, Kota Semarang, Jawa Tengah 50277, Indonesia",Restoran Indonesia,5.0,2,,,,-7.060934199999999,110.462336,,,bakmi
ChIJAYSEnk6McC4R6PgJKzQeA-I,Bakmi Jowo Pak Waris 2,"XFC9+W3W, Jl. Ketileng Raya, Sendangmulyo, Kec. Tembalang, Kota Semarang, Jawa Tengah 50272, Indonesia",Restoran Mie,4.3,14,Senin: 16.00–00.00 | Selasa: 16.00–00.00 | Rabu: 16.00–00.00 | Kamis: 16.00–00.00 | Jumat: 16.00–00.00 | Sabtu: 16.00–00.00 | Minggu: 16.00–00.00,1.0,25000.0,-7.027648,110.46769499999999,0858-7550-5366,,bakmi
ChIJE3NPu8aPcC4Rq5hZeJOPZlA,Waroeng Tokyo - Tembalang Semarang,"Jl. Banjarsari No.24, Tembalang, Kec. Tembalang, Kota Semarang, Jawa Tengah 50275, Indonesia",Restoran,4.7,350,Senin: 09.30–22.00 | Selasa: 09.30–22.00 | Rabu: 09.30–22.00 | Kamis: 09.30–22.00 | Jumat: 09.30–22.00 | Sabtu: 09.30–22.00 | Minggu: 09.30–22.00,25000.0,50000.0,-7.059258499999999,110.43785659999999,0851-3877-6559,,ramen
ChIJ_RipegCNcC4RRe7Nj2uNrQQ,Nara Ramen Semarang & Waroeng Tokyo,"Jl. Jatimulyo No.12, Pedalangan, Kec. Banyumanik, Kota Semarang, Jawa Tengah 50268, Indonesia",Restoran Jepang,4.8,645,Senin: 11.00–23.00 | Selasa: 11.00–23.00 | Rabu: 11.00–23.00 | Kamis: 11.00–23.00 | Jumat: 11.00–23.00 | Sabtu: 11.00–23.00 | Minggu: 11.00–23.00,25000.0,50000.0,-7.055606699999999,110.43265579999999,0851-7688-3631,,ramen
ChIJe-qvdACNcC4RCkgbkc_HAcs,UNO RAMEN MAJAPAHIT SEMARANG,"Jl. Majapahit, Palebon, Kec. Pedurungan, Kota Semarang, Jawa Tengah 50192, Indonesia",Restoran Ramen,4.8,260,Senin: 11.00–22.00 | Selasa: 11.00–22.00 | Rabu: 11.00–22.00 | Kamis: 11.00–22.00 | Jumat: 11.00–22.00 | Sabtu: 11.00–22.00 | Minggu: 11.00–22.00,25000.0,50000.0,-7.0078157,110.4622761,0812-3542-3544,,ramen
ChIJI6-5NlWJcC4RE7jXB5r-TvU,Eiko Ramen,"Jl. Bumirejo Raya, Gedawang, Kec. Banyumanik, Kota Semarang, Jawa Tengah 50266, Indonesia",Restoran Ramen,5.0,85,Senin: Tutup | Selasa: 14.00–22.00 | Rabu: 14.00–22.00 | Kamis: 14.00–22.00 | Jumat: 14.00–22.00 | Sabtu: 14.00–22.00 | Minggu: 14.00–22.00,25000.0,50000.0,-7.085743000000001,110.41734749999999,0851-9066-0819,https://eikoramen.com/,ramen
ChIJD055DQCPcC4R9pny2K2EBxo,Joffi Ramen Durian Raya Semarang,"Ruko Durian. 71, Jl. Durian Raya No.RT 08, RW I, Pedalangan, Kec. Banyumanik, Kota Semarang, Jawa Tengah 50268, Indonesia",Restoran Ramen,4.7,693,Senin: 10.00–22.00 | Selasa: 10.00–22.00 | Rabu: 10.00–22.00 | Kamis: 10.00–22.00 | Jumat: 10.00–22.00 | Sabtu: 10.00–22.00 | Minggu: 10.00–22.00,25000.0,50000.0,-7.0648377,110.4268563,,,ramen
ChIJM8Z21pWPcC4R_1YoKWWqk6w,IKIMARU UDON & TEMPURA,"Jl. Gondang Raya No.33, Bulusan, Kec. Tembalang, Kota Semarang, Jawa Tengah 50277, Indonesia",Restoran,4.9,609,Senin: 12.00–21.00 | Selasa: 12.00–21.00 | Rabu: 12.00–21.00 | Kamis: 12.00–21.00 | Jumat: 12.00–21.00 | Sabtu: 12.00–21.00 | Minggu: 12.00–21.00,25000.0,50000.0,-7.0644578,110.44070889999999,,,ramen
ChIJ6594juOPcC4Rt2KVaqxJBQ4,RAMENDOMI TEMBALANG,"Jl. Mulawarman Tim. Dalam No.78, Bulusan, Kec. Tembalang, Kota Semarang, Jawa Tengah 50278, Indonesia",Toko Makanan,4.7,21,Senin: 15.00–23.00 | Selasa: 15.00–23.00 | Rabu: 15.00–23.00 | Kamis: 15.00–23.00 | Jumat: 15.00–23.00 | Sabtu: 15.00–23.00 | Minggu: 15.00–23.00,1.0,25000.0,-7.0687805,110.4442019,0822-2598-2098,,ramen
ChIJkcxlQACNcC4RceBBul1JCLs,Joffi Ramen Sambiroto,"Sambiroto, Kec. Tembalang, Kota Semarang, Jawa Tengah, Indonesia",Restoran Ramen,4.8,499,Senin: 10.00–22.00 | Selasa: 10.00–22.00 | Rabu: 10.00–22.00 | Kamis: 10.00–22.00 | Jumat: 10.00–22.00 | Sabtu: 10.00–22.00 | Minggu: 10.00–22.00,25000.0,50000.0,-7.0294678,110.45896289999999,,,ramen
ChIJ93x7B4aNcC4RXyG9qSnaM5w,Shojin Ramen & Udon Semarang,"Jl. Wolter Monginsidi No.645, Pedurungan Tengah, Kec. Pedurungan, Kota Semarang, Jawa Tengah 50192, Indonesia",Restoran Ramen,4.4,495,Senin: 12.00–21.30 | Selasa: 12.00–21.30 | Rabu: 12.00–21.30 | Kamis: 12.00–21.30 | Jumat: 12.00–21.30 | Sabtu: 12.00–21.30 | Minggu: 12.00–21.30,25000.0,50000.0,-7.0021789,110.47121089999999,0821-2490-8127,https://instagram.com/shojin.semarang,ramen
ChIJ8XhuNqiOcC4Rq1zSk6R-XsI,Nagoya Ramen & Sushi,"Jl. KH. Sirojudin No.22A, Tembalang, Kec. Tembalang, Kota Semarang, Jawa Tengah 50275, Indonesia",Restoran Jepang,4.2,411,Senin: 09.00–21.00 | Selasa: 09.00–21.00 | Rabu: 09.00–21.00 | Kamis: 09.00–21.00 | Jumat: 09.00–21.00 | Sabtu: 09.00–21.00 | Minggu: 09.00–21.00,1.0,25000.0,-7.0571795999999996,110.43563499999999,0815-1602-220,,ramen
ChIJS8QcGhSPcC4RH-qUOppx_sM,Mizu Ramen,"Jl. Timoho Raya, Bulusan, Kec. Tembalang, Kota Semarang, Jawa Tengah 50272, Indonesia",Restoran Mie,5.0,14,Senin: 15.00–21.00 | Selasa: 15.00–21.00 | Rabu: 15.00–21.00 | Kamis: 15.00–21.00 | Jumat: 15.00–21.00 | Sabtu: 15.00–21.00 | Minggu: 15.00–21.00,1.0,25000.0,-7.0601939,110.44256709999999,0813-9190-9666,,ramen
ChIJA4Y9XwCNcC4Rfm4DkmVVIFQ,Enake Japanese Food Kedungmundu,"Jl. Kedungmundu No.250, Kedungmundu, Kec. Tembalang, Kota Semarang, Jawa Tengah 50273, Indonesia",Restoran Jepang,4.3,535,Senin: 15.00–23.00 | Selasa: 15.00–23.00 | Rabu: 15.00–23.00 | Kamis: 15.00–23.00 | Jumat: 15.00–23.00 | Sabtu: 15.00–23.00 | Minggu: 15.00–23.00,25000.0,50000.0,-7.0226074,110.45824599999999,0857-0469-2150,,ramen
ChIJd2r392WPcC4Rn2w6UqjaGNU,Warmah Ramen & Nasi Goreng Padang,"Jl. Tirto Agung No.64, Pedalangan, Kec. Banyumanik, Kota Semarang, Jawa Tengah 50268, Indonesia",Restoran Jepang,4.6,90,Senin: 09.00–23.30 | Selasa: 09.00–23.30 | Rabu: 09.00–23.30 | Kamis: 09.00–23.30 | Jumat: 09.00–23.30 | Sabtu: 09.00–23.30 | Minggu: 09.00–23.30,1.0,25000.0,-7.0599269,110.4274791,0882-2206-2727,,ramen
ChIJ7fQrTwCNcC4Rc4AMI-26Jvk,"Takoyaki Pekoo Pekoo, Unimus","Jl. Fatmawati No.177, Kedungmundu, Kec. Tembalang, Kota Semarang, Jawa Tengah 50246, Indonesia",Restoran Jepang,5.0,54,Senin: 14.30–22.15 | Selasa: 14.30–22.15 | Rabu: 14.30–22.15 | Kamis: 14.30–22.15 | Jumat: 14.30–22.15 | Sabtu: 14.30–22.15 | Minggu: 14.30–22.15,25000.0,50000.0,-7.0236276,110.46835089999999,0895-2706-0066,https://www.instagram.com/pekoo_pekoo?igsh=Z3d0eDM1emluejdk,ramen
ChIJ1S2kG3qNcC4RXt4PYx2VDMQ,Mak-Mak Coffee & Kitchen,"Ruko Kampung Jl. Semawis Raya No.16 Blk. A, Kedungmundu, Kec. Tembalang, Kota Semarang, Jawa Tengah 50273, Indonesia",Restoran,4.9,1099,Senin: 10.00–22.00 | Selasa: 10.00–22.00 | Rabu: 10.00–22.00 | Kamis: 10.00–22.00 | Jumat: 10.00–22.00 | Sabtu: 10.00–22.00 | Minggu: 10.00–22.00,50000.0,75000.0,-7.0218064,110.46315729999999,0851-7313-0070,,ramen
ChIJi4QR56mOcC4RLiK-gIaiKmQ,Depot Sukses Tembalang,"Jl. Jatimulyo No.5A, Pedalangan, Kec. Tembalang, Kota Semarang, Jawa Tengah 50268, Indonesia",Restoran Jepang,4.5,3122,Senin: 12.00–21.00 | Selasa: 12.00–21.00 | Rabu: 12.00–21.00 | Kamis: 12.00–21.00 | Jumat: 12.00–21.00 | Sabtu: 12.00–21.00 | Minggu: 12.00–21.00,25000.0,50000.0,-7.0583573,110.434754,0851-0014-2202,,ramen
ChIJZ-mKYcaLcC4RsALboSbCmA0,Golden Geisha Semarang,"Jl. Gajahmada No.123, Pekunden, Kec. Semarang Tengah, Kota Semarang, Jawa Tengah 50134, Indonesia",Restoran Ramen,4.8,1211,"Senin: 11.00–15.00, 17.00–21.00 | Selasa: 11.00–15.00, 17.00–21.00 | Rabu: 11.00–15.00, 17.00–21.00 | Kamis: 11.00–15.00, 17.00–21.00 | Jumat: 11.00–15.00, 17.00–21.00 | Sabtu: 11.00–15.00, 17.00–21.00 | Minggu: 11.00–15.00, 17.00–21.00",50000.0,75000.0,-6.986394499999999,110.4219296,,,ramen
ChIJO9v39CONcC4RofBewjPByhg,SHOYU JAPANESE FOOD - KLIPANG,"Ruko Klipang Niaga No.3, Sendangmulyo, Kec. Tembalang, Kota Semarang, Jawa Tengah 50272, Indonesia",Restoran Jepang,4.2,84,Senin: 11.00–21.00 | Selasa: 11.00–21.30 | Rabu: 11.00–21.30 | Kamis: 11.00–21.30 | Jumat: 11.00–21.30 | Sabtu: 11.00–21.30 | Minggu: 11.00–21.30,25000.0,50000.0,-7.042298499999999,110.4794225,0822-5888-8087,,ramen
ChIJN5tfm_-NcC4RSXYoaMVaCqM,KUROGI,"Jl. Ahmad Yani No.167 A lantai 2, Pleburan, Kec. Semarang Sel., Kota Semarang, Jawa Tengah 50241, Indonesia",Restoran Jepang,4.7,2197,Senin: 10.00–22.00 | Selasa: 10.00–22.00 | Rabu: 10.00–22.00 | Kamis: 10.00–22.00 | Jumat: 10.00–22.00 | Sabtu: 10.00–22.00 | Minggu: 10.00–22.00,75000.0,100000.0,-6.9928968,110.42795679999999,0811-2895-157,https://www.instagram.com/kurogi.smg/,ramen
ChIJRxkHrEqMcC4RuCGDJxTh3Q0,Nori House,"XF8F+FFR, Jl. Perumahan Ketileng Indah, Sendangmulyo, Kec. Tembalang, Kota Semarang, Jawa Tengah 50272, Indonesia",Restoran,4.8,25,Senin: 10.30–21.00 | Selasa: 10.30–21.00 | Rabu: 10.30–21.00 | Kamis: 10.30–21.00 | Jumat: 10.30–21.00 | Sabtu: 10.30–21.00 | Minggu: 10.30–21.00,,,-7.033754999999999,110.4736284,,,ramen
ChIJLWFyTyeLcC4RmG7rms1epBs,Shojin Ramen & Udon Kelud Semarang,"Jl. Kelud Raya No.32a, Sampangan, Kec. Gajahmungkur, Kota Semarang, Jawa Tengah 50327, Indonesia",Restoran Ramen,4.6,626,Senin: 11.00–21.30 | Selasa: 11.00–21.30 | Rabu: 11.00–21.30 | Kamis: 11.00–21.30 | Jumat: 11.00–21.30 | Sabtu: 11.00–21.30 | Minggu: 11.00–21.30,25000.0,50000.0,-7.004171599999999,110.39854760000001,,,ramen
ChIJn_1qYemNcC4RQVCRsmMQ5LI,Pak MOE Katsu dan Mie Ramen,"Jl. Klipang Raya, Sendangmulyo, Kec. Tembalang, Kota Semarang, Jawa Tengah 50272, Indonesia",Restoran,5.0,3,Senin: 15.30–21.00 | Selasa: 15.30–21.00 | Rabu: 15.30–21.00 | Kamis: 15.30–21.00 | Jumat: 15.30–21.00 | Sabtu: 15.30–21.00 | Minggu: Tutup,,,-7.0376688,110.47912769999999,0812-2509-7097,,ramen
ChIJgeFN7LbzcC4R9iI_TUPoOgE,Sai Ramen Semarang,"Jl. Letjen Suprapto No.61, Kota Lama Semarang, Kec. Semarang Utara, Kota Semarang, Jawa Tengah 50137, Indonesia",Restoran Ramen,4.5,1661,Senin: 10.00–22.00 | Selasa: 10.00–22.00 | Rabu: 10.00–22.00 | Kamis: 10.00–22.00 | Jumat: 10.00–22.00 | Sabtu: 10.00–22.00 | Minggu: 10.00–22.00,50000.0,75000.0,-6.9678935,110.42995789999999,,,ramen
ChIJQzEEeK-OcC4RnysVh2yYNjQ,Tower Cafe Semarang,"Jl. Banjarsari Selatan No.49B, Tembalang, Kec. Banyumanik, Kota Semarang, Jawa Tengah 50268, Indonesia",Restoran Asia,4.4,2475,Senin: 10.00–23.15 | Selasa: 10.00–23.15 | Rabu: 10.00–23.15 | Kamis: 10.00–23.15 | Jumat: 10.00–23.15 | Sabtu: 10.00–23.15 | Minggu: 10.00–23.15,25000.0,50000.0,-7.0634046,110.4368014,0812-2780-5578,https://linktr.ee/towercafesemarang,ramen
ChIJ_bqKBBiNcC4ROlbRDdvS2qY,Hambagu Japan Steak Rice,"XF6F+XC6 Biru Depo Air Minum, Jl. Klipang Raya, Sendangmulyo, Kec. Tembalang, Kota Semarang, Jawa Tengah 50272, Indonesia",Restoran Jepang,4.7,3,Senin: 10.00–22.00 | Selasa: 10.00–22.00 | Rabu: 10.00–22.00 | Kamis: 10.00–22.00 | Jumat: 10.00–22.00 | Sabtu: 10.00–22.00 | Minggu: 10.00–22.00,,,-7.0375844,110.4735108,,,ramen
ChIJu73z6_eLcC4RyHFG5DI02Ts,Jojo Ramen,"Jalan Bukit Sari Raya No. R-9, Sumurboto, Banyumanik, Ngesrep, Kec. Banyumanik, Kota Semarang, Jawa Tengah 50269, Indonesia",Restoran Ramen,4.6,5,Senin: 09.00–21.00 | Selasa: 09.00–21.00 | Rabu: 09.00–21.00 | Kamis: 09.00–21.00 | Jumat: 09.00–21.00 | Sabtu: 09.00–21.00 | Minggu: 09.00–21.00,,,-7.045433999999999,110.42499509999999,(024) 7476900,,ramen
ChIJeQb0kBGPcC4RrEJTXn7eaUk,Warung Katsu J-pan,"Jl. Banjarsari No.29, Tembalang, Kec. Tembalang, Kota Semarang, Jawa Tengah 50275, Indonesia",Restoran Jepang,4.7,21,Senin: 10.00–19.30 | Selasa: 10.00–19.30 | Rabu: 10.00–19.30 | Kamis: 10.00–19.30 | Jumat: 10.00–19.30 | Sabtu: 10.00–19.30 | Minggu: Tutup,1.0,25000.0,-7.0597620999999995,110.4385803,,,ramen
